Subject_ID,Dice,HD95,Contour_Ratio
0,0.9188972115516663,10.677078247070312,0.7315193736875587
