ID,Dice,HD95,Contour
fsm_t1_07tz,0.8970487713813782,12.727922439575195,0.7638155350372959
