ID,Dice,HD95,Contour
asl_t1_114,0.9061696529388428,17.029386520385742,0.8974850547594935
