Subject_Name,Dice,HD95,Contour_Ratio
fsm_t1_07tz,0.9078357815742493,9.219544410705566,0.8018241303335383
