Subject,Dice,HD95,Edge_Error,Perimeter_Error
fsm_t1_07tz,0.8186994791030884,19.313207626342773,0.03795989602804184,7.479156010958832e-06
