Subject,Dice,HD95
fsm_t1_07tz,0.816175103187561,21.931713104248047
