ID,Dice,HD95,Contour
asl_t1_114,0.8025992512702942,19.26136016845703,1.2930584227046227
