ID,Dice,HD95,Contour
fsm_t1_07tz,0.8923670649528503,10.677078247070312,0.8091483406743447
