ID,Dice,HD95,Contour
fsm_t1_07tz,0.8359346389770508,23.216373443603516,0.7639542308750664
