ID,Dice,HD95,Contour
asl_t1_114,0.9406240582466125,10.770329475402832,0.8711016347744264
